{
  "overall": {
    "mae": 7.989285111427307,
    "rmse": 10.007932662963867,
    "mape": 17.57322072982788
  },
  "horizons": {
    "1_step": {
      "mae": 8.011495590209961,
      "rmse": 10.05655574798584,
      "mape": 17.709510803222656
    },
    "3_step": {
      "mae": 7.9643940925598145,
      "rmse": 9.984305381774902,
      "mape": 17.50760841369629
    },
    "6_step": {
      "mae": 7.988247871398926,
      "rmse": 10.005378723144531,
      "mape": 17.538501739501953
    },
    "12_step": {
      "mae": 7.972869396209717,
      "rmse": 9.979035377502441,
      "mape": 17.552345275878906
    }
  }
}