{
  "epoch": [
    1,
    2,
    3,
    4,
    5,
    6,
    7,
    8,
    9,
    10,
    11,
    12,
    13,
    14,
    15,
    16,
    17,
    18,
    19,
    20
  ],
  "train_loss": [
    0.5344532197847153,
    0.2654618600877329,
    0.26492563608926706,
    0.23539626631683436,
    0.14590830129746812,
    0.15378650430197152,
    0.11583300487111552,
    0.0984193720042515,
    0.1313816495834829,
    0.1305236261064252,
    0.09222381188275335,
    0.08459654909829362,
    0.08419419134767672,
    0.08403367568224002,
    0.08375350690592592,
    0.08356689288022039,
    0.08346068347319247,
    0.08338772248441038,
    0.08335920685110762,
    0.0833460076953085
  ],
  "val_mae": [
    4.142142901569033,
    5.42106499182214,
    6.7227651398099395,
    4.649521503436135,
    12.071171929459164,
    3.47969814927005,
    4.091964513648799,
    6.968417378685278,
    5.286385257537902,
    5.458037321114702,
    2.60976448133218,
    2.4278541516003544,
    2.4860487090582786,
    2.3903047743630257,
    2.3640933253818313,
    2.375965848226118,
    2.34491599308492,
    2.357319748515604,
    2.339365641354565,
    2.3452659532992897
  ],
  "lr": [
    0.009939057285945933,
    0.009757729755661013,
    0.009460482294732423,
    0.009054634122155993,
    0.008550178566873413,
    0.007959536998847746,
    0.00729725297371076,
    0.006579634122155994,
    0.005824350601949147,
    0.005050000000000002,
    0.004275649398050861,
    0.003520365877844012,
    0.0028027470262892446,
    0.0021404630011522593,
    0.0015498214331265906,
    0.001045365877844011,
    0.0006395177052675796,
    0.0003422702443389901,
    0.0001609427140540686,
    0.0001
  ]
}