{
  "train_loss": [
    0.21680713506937027,
    0.09859120439291,
    0.09665539625883103,
    0.09576345703601837,
    0.09495724656581879,
    0.09313836233615876,
    0.0926592189192772,
    0.09159257949590682,
    0.09247854875326157,
    0.09283291898965836,
    0.09105022640228272,
    0.09135060970783233,
    0.09123651889562606,
    0.09083010995388031,
    0.09045937296152115,
    0.11851239697933197,
    0.7232421874046325,
    0.37372304072380064
  ],
  "val_loss": [
    0.3180822566785711,
    0.3257366827827819,
    0.25278727084081226,
    0.2571852223828752,
    0.22995733707509142,
    0.25012730608912226,
    0.23326629622185485,
    0.22996646910905838,
    0.22513145335177157,
    0.24213165948365598,
    0.23361536662312263,
    0.22276635832609015,
    0.22216224337511875,
    0.22270563149705846,
    0.24690838245318292,
    1.8920094776660838,
    0.4646827426362545,
    0.46929327446095487
  ],
  "val_mae": [
    3.051800645562468,
    3.1252400846879462,
    2.4253360259624235,
    2.4675316249731005,
    2.2062970662546504,
    2.3998153250244143,
    2.238044463188007,
    2.2063846824186157,
    2.1599957251612376,
    2.3231020882439384,
    2.2413935757322263,
    2.137304115130676,
    2.1315080093792274,
    2.1367214791233207,
    2.368931762600174,
    18.152649587073473,
    4.458340772500552,
    4.502575946590207
  ],
  "epochs": [
    1,
    2,
    3,
    4,
    5,
    6,
    7,
    8,
    9,
    10,
    11,
    12,
    13,
    14,
    15,
    16,
    17,
    18
  ]
}