{
  "train_loss": [
    0.16677113192081452,
    0.09519454162120819,
    0.09448798302412033,
    0.09300660086870194,
    0.09428759615421295,
    0.09306426739692689,
    0.09203048131465912,
    0.09098298150300979,
    0.09121688871383667,
    0.09088260953426361,
    0.0907256587266922,
    0.09062024406194687,
    0.08989124063253402,
    0.08947865817546845,
    0.09008104909658432,
    0.08976423654556275,
    0.08973565798997879,
    0.08984801996946334,
    0.0902823275089264,
    0.0893580380320549
  ],
  "val_loss": [
    0.39902611346320904,
    0.2748597888870442,
    0.23572118786421228,
    0.24830351492508929,
    0.3196751375464683,
    0.2761289978280981,
    0.22723854031968624,
    0.2519449527434846,
    0.22648883777412962,
    0.2373295933642286,
    0.26208173626280845,
    0.22513683695108333,
    0.23123081559513478,
    0.22666705502791606,
    0.21851564737710547,
    0.2538781965825152,
    0.2364689699829893,
    0.22029815178285253,
    0.22456848629294557,
    0.24248551616960384
  ],
  "val_mae": [
    3.828406410904788,
    2.6371080547642363,
    2.261597615687497,
    2.3823171875618416,
    3.067083342911616,
    2.6492853220727235,
    2.180211908975088,
    2.4172545097532656,
    2.173018981156981,
    2.277029262188409,
    2.51451061831848,
    2.1600473774351703,
    2.2185152975076607,
    2.1747288644300533,
    2.096521197675083,
    2.435802777291323,
    2.268772118209748,
    2.113623214470927,
    2.1545944077426062,
    2.3264971222011566
  ],
  "epochs": [
    1,
    2,
    3,
    4,
    5,
    6,
    7,
    8,
    9,
    10,
    11,
    12,
    13,
    14,
    15,
    16,
    17,
    18,
    19,
    20
  ]
}