{
  "overall": {
    "mae": 7.983891129493713,
    "rmse": 10.007318019866943,
    "mape": 17.57341480255127
  },
  "horizons": {
    "1_step": {
      "mae": 7.960312843322754,
      "rmse": 9.994550704956055,
      "mape": 17.71489906311035
    },
    "3_step": {
      "mae": 7.985269546508789,
      "rmse": 10.014498710632324,
      "mape": 17.56572914123535
    },
    "6_step": {
      "mae": 7.940953254699707,
      "rmse": 9.938498497009277,
      "mape": 17.421398162841797
    },
    "12_step": {
      "mae": 8.001175880432129,
      "rmse": 10.023655891418457,
      "mape": 17.55913734436035
    }
  }
}