{
  "train_loss": [
    0.7981798589229584,
    0.7981184601783753,
    0.7981139600276947,
    0.7981172144412995,
    0.7981108605861664,
    0.7981115698814392,
    0.7981139659881592,
    0.7981163680553436,
    0.7981160402297973,
    0.7981112241744995,
    0.7981089353561401,
    0.7981099247932434,
    0.7981087625026703,
    0.7981080293655396,
    0.7981075823307038,
    0.7981080710887909,
    0.7981078445911407,
    0.7981078565120697,
    0.7981079757213593,
    0.798107922077179,
    0.7981079399585724
  ],
  "val_loss": [
    0.7997028082609177,
    0.7996779978275299,
    0.799683004617691,
    0.7996711581945419,
    0.7996748834848404,
    0.7996779978275299,
    0.7996825873851776,
    0.7996796518564224,
    0.7996733337640762,
    0.7996727377176285,
    0.7996736913919449,
    0.7996737658977509,
    0.7996727526187897,
    0.7996726781129837,
    0.7996729165315628,
    0.7996728271245956,
    0.7996728867292404,
    0.7996730208396912,
    0.7996729910373688,
    0.7996730506420135,
    0.7996730506420135
  ],
  "val_mae": [
    7.997029185295105,
    7.996780872344971,
    7.996831178665161,
    7.996712565422058,
    7.996749997138977,
    7.996780633926392,
    7.996826887130737,
    7.996797800064087,
    7.996734619140625,
    7.996728181838989,
    7.996737957000732,
    7.996738910675049,
    7.9967286586761475,
    7.996727705001831,
    7.996730327606201,
    7.996729135513306,
    7.996730089187622,
    7.996730923652649,
    7.996730804443359,
    7.996731281280518,
    7.996731638908386
  ],
  "val_rmse": [
    10.01682424545288,
    10.016734600067139,
    10.01675033569336,
    10.016589403152466,
    10.016628980636597,
    10.016695499420166,
    10.016761541366577,
    10.016711950302124,
    10.016593217849731,
    10.016566514968872,
    10.016588687896729,
    10.016588926315308,
    10.016555309295654,
    10.016552209854126,
    10.016562223434448,
    10.016554355621338,
    10.01655650138855,
    10.016557931900024,
    10.016555547714233,
    10.01655626296997,
    10.016556024551392
  ],
  "val_mape": [
    17.573150157928467,
    17.538846015930176,
    17.540809154510498,
    17.549691677093506,
    17.54765558242798,
    17.541502952575684,
    17.53795576095581,
    17.540451526641846,
    17.549522876739502,
    17.552910327911377,
    17.549746990203857,
    17.549557209014893,
    17.55429172515869,
    17.554697036743164,
    17.552820205688477,
    17.55416965484619,
    17.553794384002686,
    17.55355167388916,
    17.55388832092285,
    17.553718090057373,
    17.553704738616943
  ]
}