{
  "overall": {
    "mae": 7.961873650550842,
    "rmse": 9.978529453277588,
    "mape": 17.531466484069824
  },
  "horizons": {
    "1_step": {
      "mae": 7.952040672302246,
      "rmse": 9.968240737915039,
      "mape": 17.493013381958008
    },
    "3_step": {
      "mae": 7.997692108154297,
      "rmse": 10.023124694824219,
      "mape": 17.618885040283203
    },
    "6_step": {
      "mae": 7.983541011810303,
      "rmse": 10.010027885437012,
      "mape": 17.566877365112305
    },
    "12_step": {
      "mae": 8.000577926635742,
      "rmse": 10.004280090332031,
      "mape": 17.592878341674805
    }
  }
}