{
  "train_loss": [
    0.7981987059116363,
    0.7981299996376038,
    0.7981174349784851,
    0.7981199741363525,
    0.7981146216392517,
    0.7981141149997711,
    0.798114401102066,
    0.7981147944927216,
    0.7981135785579682,
    0.7981108844280242,
    0.798109769821167,
    0.7981101214885712,
    0.7981082439422608,
    0.7981074810028076,
    0.7981071233749389,
    0.7981076240539551,
    0.7981073558330536,
    0.7981074750423431,
    0.798107522726059,
    0.79810751080513,
    0.7981075823307038
  ],
  "val_loss": [
    0.799734354019165,
    0.7996986657381058,
    0.7996971309185028,
    0.7996827512979507,
    0.7996837496757507,
    0.7996830642223358,
    0.799683004617691,
    0.799680158495903,
    0.7996767312288284,
    0.7996759563684464,
    0.7996758967638016,
    0.7996753454208374,
    0.7996742874383926,
    0.7996740937232971,
    0.7996741533279419,
    0.799673929810524,
    0.7996738851070404,
    0.7996738255023956,
    0.7996737658977509,
    0.7996737360954285,
    0.7996737062931061
  ],
  "val_mae": [
    7.9973448514938354,
    7.996987700462341,
    7.996972441673279,
    7.996828317642212,
    7.996838569641113,
    7.99683153629303,
    7.996830701828003,
    7.996802568435669,
    7.996768474578857,
    7.996760249137878,
    7.99675989151001,
    7.99675440788269,
    7.996743679046631,
    7.996741890907288,
    7.996742248535156,
    7.996740221977234,
    7.996740102767944,
    7.996739625930786,
    7.99673867225647,
    7.99673867225647,
    7.996738076210022
  ],
  "val_rmse": [
    10.017168760299683,
    10.016923189163208,
    10.016895294189453,
    10.016727447509766,
    10.016728162765503,
    10.016737937927246,
    10.016737699508667,
    10.016693115234375,
    10.016630172729492,
    10.016613721847534,
    10.016617774963379,
    10.016607284545898,
    10.016572713851929,
    10.016569375991821,
    10.016577243804932,
    10.016567707061768,
    10.016570568084717,
    10.016569137573242,
    10.01656723022461,
    10.016567707061768,
    10.016566276550293
  ],
  "val_mape": [
    17.573497772216797,
    17.540053844451904,
    17.538612365722656,
    17.544086933135986,
    17.544700145721436,
    17.542492866516113,
    17.54192590713501,
    17.54457998275757,
    17.549118995666504,
    17.550407886505127,
    17.549291133880615,
    17.549782752990723,
    17.55445623397827,
    17.554523944854736,
    17.552834033966064,
    17.5542311668396,
    17.553596019744873,
    17.553649425506592,
    17.55382251739502,
    17.553606510162354,
    17.553749561309814
  ]
}