{
  "overall": {
    "mae": 7.972013354301453,
    "rmse": 9.984303951263428,
    "mape": 17.528228282928467
  },
  "horizons": {
    "1_step": {
      "mae": 7.969608783721924,
      "rmse": 9.986598014831543,
      "mape": 17.560091018676758
    },
    "3_step": {
      "mae": 7.99972677230835,
      "rmse": 10.006803512573242,
      "mape": 17.561857223510742
    },
    "6_step": {
      "mae": 7.992597579956055,
      "rmse": 9.999017715454102,
      "mape": 17.494474411010742
    },
    "12_step": {
      "mae": 8.005785942077637,
      "rmse": 10.023795127868652,
      "mape": 17.552425384521484
    }
  }
}