{
  "overall": {
    "mae": 7.982918739318848,
    "rmse": 10.003466129302979,
    "mape": 17.518311500549316
  },
  "horizons": {
    "1_step": {
      "mae": 7.994576930999756,
      "rmse": 10.007708549499512,
      "mape": 17.543155670166016
    },
    "3_step": {
      "mae": 8.010119438171387,
      "rmse": 10.034337043762207,
      "mape": 17.5790958404541
    },
    "6_step": {
      "mae": 7.987836837768555,
      "rmse": 10.007866859436035,
      "mape": 17.469371795654297
    },
    "12_step": {
      "mae": 7.98798942565918,
      "rmse": 10.005931854248047,
      "mape": 17.573890686035156
    }
  }
}