{
  "overall": {
    "mae": 9.551360845565796,
    "rmse": 11.979356288909912,
    "mape": 21.003750324249268
  },
  "horizons": {
    "1_step": {
      "mae": 10.280357360839844,
      "rmse": 12.927721977233887,
      "mape": 22.18883514404297
    },
    "3_step": {
      "mae": 9.831741333007812,
      "rmse": 12.338135719299316,
      "mape": 21.460044860839844
    },
    "6_step": {
      "mae": 9.478086471557617,
      "rmse": 11.89455795288086,
      "mape": 20.834442138671875
    },
    "12_step": {
      "mae": 9.286623001098633,
      "rmse": 11.603816986083984,
      "mape": 20.620615005493164
    }
  }
}