{
  "train_loss": [
    0.9259367823600769,
    1.1188850283622742,
    0.8416365265846253,
    0.8098463714122772,
    0.801837557554245,
    0.799390310049057,
    0.7987468719482422,
    0.7982995092868805,
    0.7983093917369842,
    0.7981382787227631,
    0.7982014775276184,
    0.7983546674251556,
    0.7985529482364655,
    0.7987863421440125,
    0.798834890127182,
    0.7985232532024383,
    0.7981818437576294,
    0.7981926083564759,
    0.7982057690620422,
    0.7982131242752075,
    0.7982573449611664,
    0.7984245717525482
  ],
  "val_loss": [
    0.8786420077085495,
    0.9129585772752762,
    0.8063264191150665,
    0.8013597428798676,
    0.8033274859189987,
    0.8004342317581177,
    0.7996766865253448,
    0.7997927069664001,
    0.7997055798768997,
    0.7997236996889114,
    0.7999175786972046,
    0.8003348261117935,
    0.8011229783296585,
    0.8012659102678299,
    0.8000215739011765,
    0.7996796220541,
    0.799802616238594,
    0.7997376322746277,
    0.799813374876976,
    0.7997502833604813,
    0.79978446662426,
    0.7998258918523788
  ],
  "val_mae": [
    8.786420822143555,
    9.12958550453186,
    8.063263654708862,
    8.01359748840332,
    8.03327488899231,
    8.004342317581177,
    7.996766805648804,
    7.997926950454712,
    7.997056007385254,
    7.9972370862960815,
    7.999175667762756,
    8.003348112106323,
    8.011230230331421,
    8.012659311294556,
    8.000215411186218,
    7.996796369552612,
    7.998026251792908,
    7.997376322746277,
    7.998133897781372,
    7.99750280380249,
    7.997844934463501,
    7.998258829116821
  ],
  "val_rmse": [
    10.983755826950073,
    11.38426923751831,
    10.100860118865967,
    10.036511898040771,
    10.060786247253418,
    10.026690483093262,
    10.016566038131714,
    10.01828908920288,
    10.01681113243103,
    10.017302751541138,
    10.019900560379028,
    10.02534008026123,
    10.03547191619873,
    10.037302017211914,
    10.021306276321411,
    10.01659893989563,
    10.018418788909912,
    10.017526388168335,
    10.018542766571045,
    10.017699480056763,
    10.018161296844482,
    10.018709182739258
  ],
  "val_mape": [
    17.61835479736328,
    18.012118816375732,
    17.246195793151855,
    17.81221294403076,
    17.962992668151855,
    17.41736936569214,
    17.56688642501831,
    17.49668598175049,
    17.58675765991211,
    17.51767063140869,
    17.473809719085693,
    17.425832271575928,
    17.37281322479248,
    17.365496158599854,
    17.458693027496338,
    17.570180892944336,
    17.494636058807373,
    17.51203203201294,
    17.49261474609375,
    17.508184909820557,
    17.499104499816895,
    17.490081310272217
  ]
}