{
  "train_loss": [
    0.7995745225956565,
    0.7981513048473158,
    0.7981151718842355
  ],
  "val_loss": [
    0.7987551007952008,
    0.7987640585218158,
    0.7987441761153085
  ],
  "val_mae": [
    7.987550871712821,
    7.987640312739781,
    7.9874420166015625
  ],
  "val_rmse": [
    10.007529667445592,
    10.007432120186943,
    10.00723648071289
  ],
  "val_mape": [
    17.52147320338658,
    17.549326760428293,
    17.535154615129745
  ]
}