{
  "overall": {
    "mae": 9.577108383178711,
    "rmse": 11.998565912246704,
    "mape": 21.009000301361084
  },
  "horizons": {
    "1_step": {
      "mae": 10.299199104309082,
      "rmse": 12.938742637634277,
      "mape": 22.274765014648438
    },
    "3_step": {
      "mae": 9.78812313079834,
      "rmse": 12.265548706054688,
      "mape": 21.303617477416992
    },
    "6_step": {
      "mae": 9.512604713439941,
      "rmse": 11.92315673828125,
      "mape": 20.96391487121582
    },
    "12_step": {
      "mae": 9.322232246398926,
      "rmse": 11.634955406188965,
      "mape": 20.731464385986328
    }
  }
}